{
  "mean": [
    61.253339140534266,
    21.068670150987224,
    0.14939024390243902,
    2.5201800232288036,
    0.9902729384436701,
    0.02264808362369338,
    0.1444541231126597,
    0.18191056910569106,
    0.0,
    0.311411149825784,
    0.3327526132404181,
    0.006968641114982578,
    0.13385598141695704,
    4.28644018583043,
    0.00043554006968641115,
    1.0270034843205575,
    0.00508130081300813,
    0.0741869918699187,
    0.0011614401858304297,
    0.04515098722415795,
    0.45252613240418116,
    0.1287746806039489,
    0.005807200929152149,
    0.018873403019744484,
    0.616144018583043,
    0.05297804572597864,
    0.02692342743074195,
    0.0005807200929152149,
    0.0021777003484320556,
    0.06707317073170732,
    0.053426248548199766,
    0.023664343786295006,
    2.24274099883856,
    0.20063879210220673,
    0.08086527293844367,
    0.11933797909407666,
    0.00014518002322880372,
    0.49143437862950057,
    0.0040650406504065045,
    6.329268292682927,
    2.9072299651567945,
    3.1251451800232286,
    5.009436701509872,
    2.4375725900116145,
    14.989547038327526,
    10.413472706155632,
    10.226045296167248,
    7.1694770428015655,
    7.641188337741275,
    5.0283661478314805,
    0.3252032520325203,
    0.10583623693379791,
    0.004210220673635308,
    0.006097560975609756,
    0.016986062717770034,
    0.06562137049941928,
    0.7756968641114983,
    0.0,
    0.15783587732010507,
    0.0,
    0.0637674853709336,
    0.06489547038327526,
    0.0,
    0.0,
    0.0014518002322880372,
    0.005952380952380952,
    0.0020325203252032522,
    0.0014518002322880372,
    0.12383855981416957,
    0.7755516840882695,
    0.4422183507549361
  ],
  "std": [
    57.81937627995468,
    10.742299452847025,
    0.3564727183519221,
    1.516517409955999,
    2.016999051862505,
    0.15731620498215063,
    0.3727951339417743,
    0.9483669300678139,
    1.0,
    1.0879595951438,
    1.2085959911443709,
    0.08318701314504055,
    1.2212182842250383,
    1.8836609304165297,
    0.020865051510459028,
    0.24663159100886123,
    0.1109706373618537,
    0.6642403343010131,
    0.053872548865547584,
    0.5030334871215753,
    0.5026751960115736,
    0.39095034050805594,
    0.07598340178302497,
    0.19855256488684936,
    0.48632352086587566,
    0.08907900351695033,
    0.10019769595626567,
    0.024091136483962293,
    0.04661499726080111,
    0.2501486767898294,
    0.22488193461073244,
    0.15200112703351593,
    0.6307243142298186,
    0.40047829804619156,
    0.27262809937905275,
    0.32418578907752627,
    0.012048192644113017,
    0.6838835171092683,
    0.06362795057926232,
    6.024403762674859,
    4.477063107559156,
    2.2113936847302176,
    3.9429435826762114,
    3.078935312064954,
    19.679300335621374,
    4.929474004046691,
    20.688424188274933,
    3.9401961793184133,
    3.5705417994443516,
    6.832522028109474,
    0.8466598233540285,
    0.3076279049200363,
    0.06474947656556461,
    0.07784844716343724,
    0.12921894749268784,
    0.34761906702165624,
    2.6377401321032687,
    1.0,
    0.26193359085224815,
    1.0,
    0.1583020781366133,
    0.2463413248056621,
    1.0,
    1.0,
    0.03807482775238209,
    0.07692171418642908,
    0.0450376418824397,
    0.03807482775238209,
    0.32939728431989523,
    0.4172184911963018,
    0.4966500589051816
  ]
}